Neighborhood,Price,Bedrooms,Bathrooms,House Size,Description,Neighborhood Description
Green Oaks,"$800,000",3,2,"2,000 sqft","Welcome to this eco-friendly oasis nestled in the heart of Green Oaks. This charming 3-bedroom, 2-bathroom home boasts energy-efficient features such as solar panels and a well-insulated structure. Natural light floods the living spaces, highlighting the beautiful hardwood floors and eco-conscious finishes. The open-concept kitchen and dining area lead to a spacious backyard with a vegetable garden, perfect for the eco-conscious family. Embrace sustainable living without compromising on style in this Green Oaks gem.","Green Oaks is a close-knit, environmentally-conscious community with access to organic grocery stores, community gardens, and bike paths. Take a stroll through the nearby Green Oaks Park or grab a cup of coffee at the cozy Green Bean Cafe. With easy access to public transportation and bike lanes, commuting is a breeze."
Pinecrest Heights,"$650,000",4,3,"2,500 sqft","Discover this spacious family home in Pinecrest Heights. With 4 bedrooms and 3 bathrooms, this home offers ample living space for your family. Enjoy gatherings in the large living room or relax in the cozy family room with a fireplace. The updated kitchen features granite countertops and stainless steel appliances. The backyard oasis includes a pool and patio, perfect for summer entertaining.","Pinecrest Heights is known for its family-friendly atmosphere and excellent school district. Explore nearby parks and playgrounds or visit local shops and restaurants. Easy access to highways makes commuting to downtown a breeze."
Lakeview Terrace,"$1,200,000",5,4,"3,200 sqft","Luxury awaits in this stunning home in Lakeview Terrace. With 5 bedrooms and 4 bathrooms, this home offers elegance and comfort. The grand foyer welcomes you with a sweeping staircase and chandelier. Entertain in the spacious living and dining rooms or relax in the cozy family room with a fireplace. The gourmet kitchen features high-end appliances and a breakfast nook overlooking the landscaped backyard.","Lakeview Terrace is an upscale neighborhood known for its beautiful lake views and luxury homes. Enjoy waterfront dining and recreational activities or take a leisurely stroll along the lakeside promenade. Convenient access to shopping centers and cultural attractions makes Lakeview Terrace a desirable place to live."
Downtown Lofts,"$500,000",2,1,"1,200 sqft","Experience urban living at its finest in the heart of Downtown Lofts. This stylish loft offers 2 bedrooms and 1 bathroom, with an open floor plan and modern finishes. The loft features exposed brick walls, high ceilings, and large windows that flood the space with natural light. The updated kitchen includes sleek appliances and a breakfast bar. Enjoy city views from your private balcony.","Downtown Lofts is a vibrant neighborhood with trendy cafes, art galleries, and nightlife. Explore nearby parks and cultural venues or attend local events and festivals. With easy access to public transportation, commuting to work or exploring the city is convenient."
Riverfront Estates,"$1,500,000",6,5,"4,500 sqft","Welcome to luxury living in Riverfront Estates. This exquisite home boasts 6 bedrooms and 5 bathrooms, offering unparalleled elegance and comfort. The spacious living areas feature high ceilings, crown moldings, and hardwood floors. The gourmet kitchen is a chefâ€™s dream with top-of-the-line appliances and custom cabinetry. Relax in the expansive backyard with a pool and spa, overlooking the serene riverfront views.","Riverfront Estates is an exclusive enclave known for its waterfront properties and scenic views. Enjoy boating and water sports or unwind in riverside parks and trails. With upscale shopping and dining nearby, Riverfront Estates offers the perfect blend of luxury and tranquility."
Hillcrest Manor,"$900,000",4,3,"2,800 sqft","Discover the charm of Hillcrest Manor with this spacious 4-bedroom, 3-bathroom home. The inviting foyer leads to a formal living room with a fireplace and a separate dining room for entertaining guests. The updated kitchen features granite countertops and stainless steel appliances. Retreat to the master suite with a luxurious bathroom and walk-in closet. Enjoy outdoor living on the patio overlooking the landscaped garden.","Hillcrest Manor offers a peaceful setting with tree-lined streets and well-maintained parks. Explore local shops and cafes or take a leisurely walk through the neighborhood. Convenient access to schools and amenities makes Hillcrest Manor a desirable place to call home."
Oceanview Estates,"$2,000,000",7,6,"5,000 sqft","Live the coastal lifestyle in Oceanview Estates with this spectacular 7-bedroom, 6-bathroom home. Designed for luxury living, this home features a grand foyer, elegant living and dining rooms, and a gourmet kitchen with premium appliances. The expansive master suite offers breathtaking ocean views and a spa-like bathroom. Entertain in the backyard with a pool, spa, and outdoor kitchen overlooking the Pacific Ocean.","Oceanview Estates is renowned for its panoramic ocean views and upscale properties. Enjoy beachfront activities or explore nearby hiking trails and parks. With top-rated schools and exclusive amenities, Oceanview Estates offers a prestigious coastal living experience."
Harborview Condos,"$400,000",1,1,"800 sqft","Experience waterfront living in Harborview Condos. This modern 1-bedroom, 1-bathroom condo features an open floor plan with floor-to-ceiling windows offering stunning harbor views. The kitchen is equipped with sleek appliances and a breakfast bar. Enjoy access to onsite amenities including a fitness center, pool, and private dock. Live steps away from waterfront dining and entertainment.","Harborview Condos offers a vibrant waterfront lifestyle with access to marinas, beaches, and yacht clubs. Explore nearby shops and cafes or take a scenic boat ride along the harbor. With easy access to downtown and major highways, Harborview Condos is a prime location for waterfront living."
Sunset Ridge,"$850,000",4,3,"2,600 sqft","Discover modern elegance in Sunset Ridge with this stylish 4-bedroom, 3-bathroom home. The spacious floor plan features a gourmet kitchen with quartz countertops and premium appliances. Entertain in the formal dining room or relax in the cozy family room with a fireplace. The master suite offers a luxurious retreat with a spa-like bathroom and walk-in closet. Enjoy outdoor living on the patio overlooking the landscaped backyard.","Sunset Ridge is a desirable neighborhood known for its scenic views and upscale homes. Explore local parks and trails or visit nearby shops and restaurants. With top-rated schools and easy access to highways, Sunset Ridge provides a convenient and luxurious lifestyle."
Garden Grove,"$600,000",3,2,"1,800 sqft","Welcome to Garden Grove, where charm meets comfort in this 3-bedroom, 2-bathroom home. The bright and airy living spaces feature hardwood floors and designer touches throughout. The updated kitchen offers granite countertops and stainless steel appliances. Relax in the master suite with a private bathroom and walk-in closet. Enjoy outdoor living on the deck overlooking the landscaped garden.","Garden Grove is known for its tree-lined streets and community atmosphere. Explore local shops and cafes or take a leisurely walk through nearby parks. With easy access to schools and amenities, Garden Grove offers a family-friendly environment and a place to call home."
Lakefront Retreat,"$1,800,000",5,4,"4,000 sqft","Embrace waterfront living in this luxurious 5-bedroom, 4-bathroom home. The expansive living areas feature floor-to-ceiling windows offering breathtaking lake views. Entertain in the gourmet kitchen with custom cabinetry and high-end appliances. The master suite includes a private balcony and spa-like bathroom. Enjoy outdoor living on the patio with a pool and private dock.","Lakefront Retreat is a prestigious waterfront community with access to boating and water sports. Explore scenic trails or relax at lakeside cafes and marinas. With top-rated schools and exclusive amenities, Lakefront Retreat offers a lavish lifestyle by the lake."
Downtown Arts District,"$700,000",3,2,"1,600 sqft","Discover modern living in the heart of the city with this stylish 3-bedroom, 2-bathroom condo. The open floor plan features sleek finishes and floor-to-ceiling windows offering city views. The gourmet kitchen includes quartz countertops and stainless steel appliances. Enjoy access to onsite amenities including a fitness center and rooftop terrace.","Downtown Arts District is a vibrant neighborhood known for its trendy cafes, art galleries, and vibrant nightlife. Residents can explore local parks, cultural venues, and attend community events and festivals. With convenient access to public transportation, Downtown Arts District offers a dynamic urban living experience."
Cozy Cottage,"$400,000",2,1,"1,000 sqft","Welcome to this charming 2-bedroom, 1-bathroom cottage nestled in a quiet neighborhood. The cozy living room features a fireplace and hardwood floors. The updated kitchen offers granite countertops and a breakfast bar. Relax in the spacious backyard with a patio and garden area. Ideal for first-time homebuyers or those looking to downsize.","Cozy Cottage is a family-friendly neighborhood with tree-lined streets and community parks. Explore local shops and cafes or take a leisurely walk through nearby trails. With easy access to schools and amenities, Cozy Cottage provides a warm and inviting atmosphere."
Riverside Manor,"$1,300,000",6,5,"3,800 sqft","Experience luxury living in Riverside Manor with this elegant 6-bedroom, 5-bathroom home. The grand foyer welcomes you with a sweeping staircase and chandelier. Entertain in the formal dining room or relax in the spacious living room with a fireplace. The gourmet kitchen features marble countertops and top-of-the-line appliances. Retreat to the master suite with a private balcony and spa-like bathroom.","Riverside Manor offers waterfront living with access to boating and water sports. Enjoy scenic views from riverside parks or relax at nearby cafes and marinas. With top-rated schools and exclusive amenities, Riverside Manor offers a prestigious riverside lifestyle."
Sunnyvale Gardens,"$550,000",3,2,"1,500 sqft","Discover comfort and convenience in Sunnyvale Gardens with this 3-bedroom, 2-bathroom home. The spacious living areas feature vaulted ceilings and skylights, filling the home with natural light. The updated kitchen includes quartz countertops and stainless steel appliances. Relax in the master suite with a private bathroom and walk-in closet. Enjoy outdoor living on the patio surrounded by landscaped gardens.","Sunnyvale Gardens is a quiet neighborhood with tree-lined streets and well-maintained parks. Explore local shops and restaurants or take a short drive to nearby beaches and attractions. With top-rated schools and family-friendly amenities, Sunnyvale Gardens offers a desirable place to live."
Mountain Vista,"$850,000",4,3,"2,700 sqft","Escape to the tranquility of Mountain Vista with this spacious 4-bedroom, 3-bathroom home. The open floor plan features a gourmet kitchen with granite countertops and stainless steel appliances. The living room offers panoramic views of the surrounding mountains. Relax in the master suite with a luxurious bathroom and walk-in closet. Enjoy outdoor living on the deck overlooking the expansive backyard.","Mountain Vista is nestled among scenic mountains and hiking trails. Residents can enjoy outdoor activities such as skiing in the winter or hiking and biking in the summer. With a close-knit community and local amenities, Mountain Vista offers a peaceful retreat from city life."
Seaside Villa,"$2,500,000",5,4,"4,500 sqft","Live the coastal lifestyle in this stunning 5-bedroom, 4-bathroom villa overlooking the ocean. The expansive living areas feature vaulted ceilings and panoramic windows offering breathtaking views. Entertain in the gourmet kitchen with custom cabinetry and high-end appliances. The master suite includes a private balcony and spa-like bathroom. Enjoy outdoor living on the terrace with a pool and private beach access.","Seaside Villa is an exclusive oceanfront community with access to private beaches and coastal activities. Explore local seafood restaurants and boutique shops or relax at beachside cafes. With top-rated schools and upscale amenities, Seaside Villa offers luxury living by the sea."
Garden Oasis,"$600,000",3,2,"1,800 sqft","Welcome to Garden Oasis, where tranquility meets comfort in this 3-bedroom, 2-bathroom home. The bright and airy living spaces feature hardwood floors and designer touches throughout. The updated kitchen offers granite countertops and stainless steel appliances. Relax in the master suite with a private bathroom and walk-in closet. Enjoy outdoor living on the deck overlooking the landscaped garden.","Garden Oasis is known for its tree-lined streets and community atmosphere. Explore local shops and cafes or take a leisurely walk through nearby parks. With easy access to schools and amenities, Garden Oasis offers a family-friendly environment and a place to call home."
Downtown Loft,"$500,000",2,1,"1,200 sqft","Live the urban lifestyle in this modern 2-bedroom, 1-bathroom loft located in downtown. The open floor plan features exposed brick walls and high ceilings. The updated kitchen includes quartz countertops and stainless steel appliances. Enjoy city views from the rooftop terrace or explore nearby cafes and art galleries. With easy access to public transportation, downtown living has never been more convenient.","Downtown Loft is a vibrant neighborhood with cultural attractions and nightlife. Explore local parks and bike paths or attend community events and festivals. With trendy shops and restaurants nearby, Downtown Loft offers a dynamic and exciting urban experience."
Suburban Sanctuary,"$850,000",4,3,"2,200 sqft","Discover suburban living in this spacious 4-bedroom, 3-bathroom home surrounded by mature trees and green spaces. The open floor plan features a gourmet kitchen with granite countertops and stainless steel appliances. The living room offers a cozy fireplace and built-in shelves. Retreat to the master suite with a private bathroom and walk-in closet. Enjoy outdoor living on the covered patio with views of the landscaped backyard.","Suburban Sanctuary is a family-friendly neighborhood with top-rated schools and community parks. Explore local shops and restaurants or attend neighborhood events and block parties. With easy access to highways and commuter routes, Suburban Sanctuary offers a peaceful retreat from city life."
Mountain Springs,"$1,000,000",3,2,"2,500 sqft","Escape to this mountain retreat with stunning views and modern amenities. The spacious living areas feature vaulted ceilings and panoramic windows. The gourmet kitchen includes quartz countertops and high-end appliances. Relax in the master suite with a private balcony and spa-like bathroom. Enjoy outdoor living on the deck surrounded by pine trees and mountain vistas.","Mountain Springs offers outdoor activities such as hiking, skiing, and fishing. Explore nearby trails and national parks or relax at local breweries and cafes. With a close-knit community and scenic landscapes, Mountain Springs is an ideal getaway for outdoor enthusiasts."
City Center,"$3,000,000",3,4,"3,800 sqft","Live in luxury with this exquisite 3-bedroom, 4-bathroom penthouse offering unparalleled city views. The expansive living areas feature high ceilings and floor-to-ceiling windows. Entertain in the chef's kitchen with marble countertops and state-of-the-art appliances. The master suite includes a private terrace and spa-like bathroom. Enjoy exclusive access to a rooftop pool, fitness center, and concierge services.","City Center is located in a prestigious urban area with stunning views of the cityscape. Fine dining, upscale boutiques, and cultural attractions are within walking distance. Residents can enjoy theaters, art galleries, and easy access to airports and major highways, offering a sophisticated urban lifestyle."
Lakeview Cottage,"$600,000",2,2,"1,200 sqft","Escape to this charming 2-bedroom, 2-bathroom cottage with picturesque views of the lake. The cozy living room features a stone fireplace and hardwood floors. The updated kitchen offers granite countertops and stainless steel appliances. Relax in the master suite with lake views and a private bathroom. Enjoy outdoor living on the deck overlooking the tranquil waters.","Lakeview Cottage is a lakeside community with fishing, boating, and waterfront dining. Explore local parks and trails or relax at lakeside cafes and marinas. With a laid-back atmosphere and scenic views, Lakeview Cottage offers a peaceful retreat by the lake."
Urban Center,"$750,000",3,3,"2,000 sqft","Discover modern living in this sleek 3-bedroom, 3-bathroom townhome located in a vibrant urban center. The open floor plan features high ceilings and designer finishes throughout. The gourmet kitchen includes quartz countertops and premium appliances. Relax in the master suite with a private balcony and spa-like bathroom. Enjoy outdoor living on the rooftop terrace with city views.","Urban Center is surrounded by trendy cafes, boutiques, and cultural venues. Explore local parks and bike paths or attend neighborhood events and festivals. With easy access to public transportation and highways, Urban Center offers convenient urban living."
Coastal Retreat,"$2,200,000",4,5,"4,200 sqft","Live the coastal lifestyle in this stunning 4-bedroom, 5-bathroom retreat overlooking the ocean. The expansive living areas feature vaulted ceilings and panoramic windows offering breathtaking views. Entertain in the gourmet kitchen with custom cabinetry and high-end appliances. The master suite includes a private balcony and spa-like bathroom. Enjoy outdoor living on the terrace with a pool and private beach access.","Coastal Retreat is an exclusive oceanfront community with access to private beaches and water sports. Explore local seafood restaurants and boutique shops or relax at beachside cafes. With top-rated schools and upscale amenities, Coastal Retreat offers luxury living by the sea."
Sunny Suburbia,"$500,000",3,2,"1,800 sqft","Enjoy suburban living in this 3-bedroom, 2-bathroom home with modern amenities and a spacious backyard. The open floor plan features a gourmet kitchen with quartz countertops and stainless steel appliances. The living room offers vaulted ceilings and natural light. Retreat to the master suite with a private bathroom and walk-in closet. Enjoy outdoor living on the patio with views of the landscaped garden.","Sunny Suburbia is a family-friendly neighborhood with parks, playgrounds, and community events. Explore local shops and restaurants or take a short drive to nearby beaches and attractions. With top-rated schools and easy access to highways, Sunny Suburbia offers a balanced lifestyle for growing families."
Scenic Mountain,"$950,000",4,3,"2,800 sqft","Escape to this charming 4-bedroom, 3-bathroom mountain chalet surrounded by towering pine trees. The spacious living areas feature a stone fireplace and rustic wood beams. The gourmet kitchen offers granite countertops and stainless steel appliances. Retreat to the master suite with a private balcony and mountain views. Enjoy outdoor living on the deck with a hot tub and panoramic vistas.","Scenic Mountain is nestled in a picturesque mountain community with hiking trails and ski resorts. Explore local breweries and art galleries or relax at mountain lodges and spas. With a relaxed atmosphere and outdoor adventures, Scenic Mountain is an ideal retreat for nature enthusiasts."
Downtown Cityscape,"$700,000",2,2,"1,500 sqft","Live in style with this modern 2-bedroom, 2-bathroom urban loft located in a vibrant city center. The open floor plan features exposed brick walls and industrial chic decor. The gourmet kitchen includes sleek countertops and high-end appliances. Relax in the master suite with a walk-in closet and luxurious bathroom. Enjoy city views from the private balcony or rooftop terrace.","Downtown Cityscape is surrounded by trendy cafes, boutiques, and cultural venues. Explore local art galleries and theaters or dine at acclaimed restaurants and rooftop bars. With convenient access to public transportation and nightlife, Downtown Cityscape offers cosmopolitan living in the heart of the city."
Lakeside Estates,"$1,800,000",5,4,"4,500 sqft","Discover lakefront living in this luxurious 5-bedroom, 4-bathroom retreat with panoramic views of the water. The expansive living areas feature vaulted ceilings and floor-to-ceiling windows. Entertain in the chef's kitchen with custom cabinetry and premium appliances. Retreat to the master suite with a private balcony and spa-like bathroom. Enjoy outdoor living on the deck with a boat dock and lakeside gazebo.","Lakeside Estates is an exclusive lakeside community with water sports and marinas. Explore local yacht clubs and lakeside restaurants or relax at lakeside parks and golf courses. With top-rated schools and upscale amenities, Lakeside Estates offers luxury living on the waterfront."
Woodland Heights,"$500,000",3,2,"1,800 sqft","Escape to this cozy 3-bedroom, 2-bathroom rustic cabin nestled in the woods. The inviting living room features a stone fireplace and exposed wood beams. The updated kitchen offers farmhouse sinks and modern appliances. Retreat to the master suite with a private balcony and forest views. Enjoy outdoor living on the wrap-around porch surrounded by nature.","Woodland Heights is surrounded by hiking trails and wildlife, perfect for outdoor enthusiasts. Explore nearby lakes and national parks or relax at local cafes and artisan shops. With a secluded setting and peaceful ambiance, Woodland Heights offers a tranquil escape from city life."
Historic District,"$400,000",2,1,"1,200 sqft","Discover charm and character in this cozy 2-bedroom, 1-bathroom bungalow with vintage appeal. The sunlit living room features hardwood floors and a decorative fireplace. The updated kitchen offers retro-style appliances and butcher block countertops. Retreat to the master suite with a walk-in closet and French doors leading to the backyard. Enjoy outdoor living on the covered porch overlooking the landscaped garden.","Historic District is a quaint area with tree-lined streets and community parks. Explore local boutiques and cafes or attend neighborhood festivals and art shows. With a welcoming community and convenient location, Historic District offers classic charm and modern comfort."
